,id,rating,total_ratings,popularity,median_property_price,tsq_distance,total_stops,compoetitiveness,entropy,negative_tips,positive_tips_percent
150,5d501fe5edb5d00008c23b8c,0.0,0,UNPOPULAR,1252880.8800557882,1.047659693931103,-0.3106069465256797,0.3,0.5546089320875498,0,1.0
50,5e682ffdcf77800008bbf9bc,0.0,0,POPULAR,1752500.0,3.328319693857894,-0.3116703180897543,0.273972602739726,0.2876299530552388,1,1.0
274,4beebc9535dc0f478c2d405b,7.8,13,NEUTRAL,2279279.0,1.4238159757090525,-0.5134708075144622,0.5357142857142857,0.5683234014089443,1,1.6487212707001282
219,58517551e9efba52ab92cfe4,0.0,0,NEUTRAL,2279279.0,1.533891251216242,-0.4681789679975896,0.8133333333333334,0.5218230328381406,0,1.0
181,4fc5095ee4b0c82f5fcc8881,0.0,0,UNPOPULAR,630000.0,1.5081908454758997,-0.3139274926211181,0.2941176470588235,0.2442190502882155,0,1.0
222,4b5a5146f964a520bdbc28e3,6.9,9,NEUTRAL,2279279.0,1.5321170831584976,-0.4746617383831224,0.782051282051282,0.4389907780051415,0,2.225540928492468
71,3fd66200f964a5201ee51ee3,7.9,265,POPULAR,942500.0,1.868007502718399,-0.3518490447027617,0.6944444444444444,0.4831323993420749,7,2.4079791741199186
187,528bddfc11d29f0cb32b4a36,0.0,0,NEUTRAL,437500.0,1.1214085211340452,-0.4058961189550448,0.8181818181818182,0.4581460078048339,0,1.0
227,594825d4ee628b769bf07d62,0.0,0,NEUTRAL,449000.0,0.8834547017806214,-0.3839642101088081,0.7142857142857143,0.3010299956639812,0,1.0
160,595296a14420d86f07621a1d,0.0,0,UNPOPULAR,831666.6666666666,1.222415067459927,-0.4263243769826134,0.8235294117647058,0.276434590943675,0,1.0
154,4ab53d35f964a5207f7320e3,0.0,0,UNPOPULAR,2227931.0,1.6235500167364685,-0.5414785609290113,0.5652173913043478,0.4788964282511113,0,1.0
79,5a5e29ae0868a24e8b9a8f1e,8.8,236,POPULAR,1733750.0,4.001102233072071,-0.593410341894521,0.8214285714285714,0.4581460078048339,4,2.383145020721721
166,4e4cd277bd413c4cc66c6ff4,0.0,0,UNPOPULAR,1252880.8800557882,0.9320975459829628,-0.353741171092919,0.48,0.5497546022183036,0,1.0
129,4f32378319836c91c7c1a75a,0.0,0,UNPOPULAR,449000.0,0.8939071650865288,-0.4224882959914663,0.6470588235294118,0.5105424345536846,0,1.0
32,5421eb06498e1b6b9c1bfd9c,7.9,111,POPULAR,1200000.0,1.3788106197072745,-0.5280384291943154,0.5652173913043478,0.6058514989183591,4,2.2070718156067044
44,544153df498e8f7dae118d8e,8.0,549,POPULAR,942500.0,1.8005722112183589,-0.2934467273242174,0.7619047619047619,0.5920250868209337,14,2.4037960620771943
74,49c9358af964a52040581fe3,7.6,980,POPULAR,850000.0,-3.605113839384972,-0.4422620683913498,0.5,0.5094077005383458,51,2.2985030529892114
28,4a63578cf964a520cfc41fe3,9.0,282,POPULAR,1252880.8800557882,2.768750269685903,-0.3460547895087444,0.671875,0.3917125080112799,6,2.387795058312657
10,5629236d498e54bf309b5bc5,8.2,27,POPULAR,1252880.8800557882,2.2617951012895867,-0.3349746900913316,0.625,0.4392472911358186,0,2.300975890892825
214,53a074a3498e792cf1afa503,0.0,0,NEUTRAL,970000.0,2.2753926284768538,-0.3071157866312843,0.5897435897435898,0.5125997560680257,0,1.0
270,4bd789145cf276b06a959b00,6.6,13,NEUTRAL,437500.0,1.082982535767508,-0.3295304645178768,0.5769230769230769,0.5167973388230265,2,1.770794952435155
156,4c113784b93cc9b6d50258e0,0.0,0,UNPOPULAR,437500.0,1.0719027060079895,-0.4012568852883319,0.5625,0.5870723294451301,0,1.0
60,457ebe82f964a5203e3f1fe3,8.8,858,POPULAR,970000.0,2.4503907677274404,-0.47683395205014,0.7560975609756098,0.6018645014188324,19,2.4690813387995862
77,4b538edff964a52032a227e3,6.7,31,POPULAR,2279279.0,1.5206701176592463,-0.5006971084402935,0.7236842105263158,0.4225088686359391,0,1.6487212707001282
143,4da2442cb521224b289c06ee,0.0,0,UNPOPULAR,2279279.0,1.517459541609864,-0.4944726742809159,0.7222222222222222,0.4225088686359391,2,1.0
254,4fbbe3a6e4b0b67c865c5663,0.0,0,NEUTRAL,630000.0,1.3876057577480188,-0.2968264926473527,0.625,0.0,0,1.0
248,4dbb7fae43a1d8504b72a5e8,0.0,0,NEUTRAL,2279279.0,1.4155116579117233,-0.3420574586103737,0.825,0.7078006208757383,0,1.0
53,5add81411213844299927a44,7.5,28,POPULAR,2227931.0,1.6115922609175777,-0.414234975806533,0.5543478260869565,0.386483551733582,0,1.947734041054676
241,4f4594eee4b0b2b96a5e7456,0.0,0,NEUTRAL,831666.6666666666,1.177470077176675,-0.3545000387251838,0.8,0.0,0,1.0
175,555e8386498ed29820276441,0.0,0,UNPOPULAR,1252880.8800557882,1.106426942979338,-0.390132790911001,0.59375,0.4736413334290177,0,1.0
220,4ef0aca930f895c31a4b9cfa,0.0,0,NEUTRAL,449000.0,0.8837136208103479,-0.3717325289024038,0.6666666666666666,0.2922852532386288,1,1.0
174,4b450c97f964a520720226e3,0.0,0,UNPOPULAR,1200000.0,1.3440692081963004,-0.5488419968425273,0.5614035087719298,0.5694014811455187,1,1.0
224,4f3236e319836c91c7c16b32,0.0,0,NEUTRAL,1252880.8800557882,0.9763204002746496,-0.3552841333618031,0.5405405405405406,0.4228503546556145,0,1.0
173,4f3aad16e4b0b6d3bc12cda8,0.0,0,UNPOPULAR,630000.0,1.312249817032475,-0.3400104715883151,0.5897435897435898,0.3828445966537156,1,1.0
72,44107527f964a520bc301fe3,7.3,371,POPULAR,942500.0,1.650766619416134,-0.2999710089472296,0.8108108108108109,0.3909762353659365,28,2.067654957538125
73,52bd7a5911d2d88a849a1a7a,0.0,0,POPULAR,437500.0,1.1070406801603174,-0.4500591705134592,0.8,0.4515449934959717,0,1.0
153,4b365c9af964a520a13325e3,0.0,0,UNPOPULAR,2279279.0,1.493444652698511,-0.3251527948853627,0.7169811320754716,0.4581020955697109,0,1.0
38,5b7eeb2acabcff002b47a151,9.0,188,POPULAR,1252880.8800557882,2.656137465335805,-0.3720890442486226,0.6666666666666666,0.576274118202207,4,2.3746851608933524
269,4de44617b0fb267148b1b795,6.1,13,NEUTRAL,1244406.0,1.4084300312148328,-0.4395508880832476,0.78,0.6142135938549507,0,1.947734041054676
30,4bae51adf964a52014a23be3,8.0,61,POPULAR,1252880.8800557882,1.9658586238015665,-0.2771194219652403,0.935483870967742,0.4771212547196625,1,2.3564184423836605
98,4b21974df964a520833e24e3,6.6,8,UNPOPULAR,831666.6666666666,1.230267876374613,-0.4076464855102542,0.7073170731707317,0.6673963571116248,0,2.3564184423836605
255,5203e9d4498e7a59f5cc26b6,0.0,0,NEUTRAL,1200000.0,1.405810338002677,-0.4410764645544187,0.6923076923076923,0.5452490459521968,0,1.0
195,4bf69fa3d4cdb713a36584fe,0.0,0,NEUTRAL,2279279.0,1.3777623044302143,-0.4498335116916022,0.0,0.0,0,1.0
35,5dcaee4f71cbe40008724875,8.4,23,POPULAR,1244406.0,1.472959282340451,-0.3969903494224075,0.675,0.4990287063528568,0,1.947734041054676
54,59c5aa576a8d86734d65d593,0.0,0,POPULAR,449000.0,0.9089297917942832,-0.2268393934867471,0.6666666666666666,0.5546089320875498,0,1.0
147,4f14ba47e4b0f2c214addb76,0.0,0,UNPOPULAR,1733750.0,2.5190201028304675,-0.4940224775670261,0.5416666666666666,0.4168062810448325,0,1.0
200,51aff2b0498e5e2e3e0baec9,0.0,0,NEUTRAL,449000.0,0.8995966362157017,-0.3051766828963345,0.6451612903225806,0.4320898435410604,0,1.0
89,4a53dc9ff964a520c9b21fe3,7.8,112,POPULAR,870000.0,-18.479071530331623,-0.5733547128523293,0.3896103896103896,0.4773742812030997,5,2.239945674020047
85,4b741ab4f964a5202cc82de3,8.7,171,POPULAR,1733750.0,2.9499900158469807,-0.4903128747255061,0.8421052631578947,0.5774645866076562,4,2.413196895101441
63,4edfd5865c5cced979ab7dd1,9.2,2698,POPULAR,1215000.0,1.9849942518173624,-0.4504442145239006,0.8928571428571429,0.276434590943675,83,2.3915727873045234
261,4ae5c608f964a520eea121e3,0.0,0,NEUTRAL,831666.6666666666,1.2251787311863909,-0.3695691343301739,0.8181818181818182,0.3010299956639812,0,1.0
86,4c3fa75eda3dc928d63fc6b9,6.7,5,POPULAR,831666.6666666666,1.2385151579837044,-0.4363825943587976,0.4418604651162791,0.5265672325326838,1,1.0
92,5cff14e225ecca002c713c92,8.1,35,POPULAR,942500.0,1.6591861441750144,-0.4107939488092462,0.7142857142857143,0.5818704052846173,1,1.8221188003905089
183,5873a0ef9c439d43ab832155,0.0,0,UNPOPULAR,970000.0,2.189230061025058,-0.3767381448784784,0.6829268292682927,0.7352345887155896,0,1.0
20,4d9b780b91863704ffd522f9,6.9,12,POPULAR,449000.0,0.8972509727166373,-0.3733119682532999,0.6666666666666666,0.3980156426478877,0,2.300975890892825
246,4fa2d960e4b099a8ddf43831,0.0,0,NEUTRAL,831666.6666666666,1.172824880432566,-0.417897197684808,0.7241379310344828,0.5268024924119671,0,1.0
237,4c13ff18a9c220a113d3569d,0.0,0,NEUTRAL,437500.0,1.162364418294143,-0.3635042355667905,0.7647058823529411,0.423139520808089,0,1.0
90,51cf1616498e45e34e0176d4,6.8,122,POPULAR,485000.0,1.0209179734022902,-0.3797062115589953,0.7586206896551724,0.675337223518158,9,2.0076596630867454
194,5a0f81f5dff81533d1b11b1c,0.0,0,NEUTRAL,449000.0,0.888345095195106,-0.3441221769869797,0.6206896551724138,0.5460427160397353,0,1.0
130,4e4cd247bd413c4cc66c6e79,0.0,0,UNPOPULAR,449000.0,0.8909770797543437,-0.3393972267941778,0.6206896551724138,0.6761666945996433,0,1.0
205,4f25ca23e4b0020c302cb394,0.0,0,NEUTRAL,2279279.0,1.528784870067287,-0.5377826666067291,0.7808219178082192,0.4481431764220578,0,1.0
202,508221aae4b0ba1a31391a95,0.0,0,NEUTRAL,1252880.8800557882,0.933523143087455,-0.3225145967873514,0.6,0.423139520808089,0,1.0
167,58de8545fda3d847e79e2e72,6.3,12,UNPOPULAR,1733750.0,2.855149631007308,-0.4478635943779049,0.6545454545454545,0.5894346556902286,0,1.6487212707001282
103,4c75d5aadb52b1f7a2117adc,0.0,0,UNPOPULAR,437500.0,1.0798883358778784,-0.2679483947983944,0.5681818181818182,0.5306262357267375,0,1.0
215,4ada568af964a520852121e3,5.5,10,NEUTRAL,2279279.0,1.4856400460422563,-0.4140464983574856,0.532258064516129,0.5447876923124524,3,1.889597108730308
47,5b2d49ad6f706a002c52d50b,6.8,142,POPULAR,2279279.0,1.5620628802152452,-0.357920979318207,0.6666666666666666,0.6184917646170378,3,2.2663754066284665
238,4ae5e6b8f964a520ffa221e3,0.0,0,NEUTRAL,831666.6666666666,1.2376956630276037,-0.3845605844222968,0.3584905660377358,0.4547010804039537,1,1.0
275,5006ec6ae4b00dc76c51b4b6,0.0,0,NEUTRAL,2279279.0,1.5126966732183704,-0.5030921024307006,0.6712328767123288,0.4438611097328688,0,1.0
16,5c5ba6a6a8eb60002c72d503,8.0,173,POPULAR,2227931.0,1.589393517999084,-0.4550196520699279,0.7191011235955056,0.5864992160657916,3,2.343983545499083
204,4c03f1d9f56c2d7f9a8a1d66,0.0,0,NEUTRAL,831666.6666666666,1.2257784369002516,-0.3955701226561681,0.7,0.276434590943675,0,1.0
15,58d3f1e7528930281485076b,8.7,284,POPULAR,1252880.8800557882,4.258953081353155,-0.44056914467404,0.5,0.467778539841322,5,2.34822221260096
252,4b74bb24f964a5200fef2de3,0.0,0,NEUTRAL,2279279.0,1.4721667625107515,-0.5110469318404992,0.5072463768115942,0.6426734894724296,2,1.0
21,619942ed69fb78348f0ece7c,0.0,0,POPULAR,1200000.0,1.2831028605213175,-0.5252372216498038,0.65625,0.5242990950615782,0,1.0
91,4be2f98321d5a59334d21711,0.0,0,POPULAR,2279279.0,1.4579427265869909,-0.4673998752367567,0.5,0.619000031270618,0,1.0
198,4f33d399e4b02be50709e3e3,7.3,10,NEUTRAL,970000.0,2.636233251613512,-0.403129816934263,0.7058823529411765,0.563232877845383,0,1.947734041054676
201,5253627611d2daa81c5abf6a,0.0,0,NEUTRAL,970000.0,2.183463136157312,-0.3636538053606332,0.6666666666666666,0.7352345887155896,1,1.0
182,4a987211f964a5200b2c20e3,0.0,0,UNPOPULAR,831666.6666666666,1.2042705521316914,-0.3585807638231146,0.7142857142857143,0.7160396270529162,0,1.0
272,582608b350111c6f511c1658,6.3,25,NEUTRAL,2227931.0,1.6330736180374188,-0.4790998937070676,0.6136363636363636,0.5390797762735339,0,1.947734041054676
140,4c30277566e40f47eb3ac38b,6.2,8,UNPOPULAR,449000.0,0.8891419818692208,-0.391397870840345,0.8235294117647058,0.4771212547196625,0,2.117000016612675
114,52a74678498e7292d2fddec5,7.8,8,UNPOPULAR,2227931.0,1.563076834654184,-0.3866515340444508,0.7411764705882353,0.5950865180603957,1,1.8221188003905089
144,4e138b951838843250ff86b4,0.0,0,UNPOPULAR,1252880.8800557882,0.9392815788646348,-0.3470570700321386,0.6363636363636364,0.4392472911358187,0,1.0
139,561eef7f498eb5ed60af436f,6.9,8,UNPOPULAR,630000.0,1.4399506121239818,-0.4116278329254236,0.5135135135135135,0.4020272318875645,0,1.947734041054676
8,57a4cbac498ee795c5d0b864,7.5,24,POPULAR,831666.6666666666,1.2105791391500935,-0.4499129482548442,0.7906976744186046,0.5251050181966166,0,2.3564184423836605
177,56c4b24ecd10291a1c1da67a,5.3,10,UNPOPULAR,2279279.0,1.453053579517665,-0.4150177505968294,0.4807692307692308,0.6176367250950818,0,1.6487212707001282
109,55085cd5498ee93a88f85f5f,6.9,31,UNPOPULAR,2279279.0,1.46027634216517,-0.4507159835368027,0.6323529411764706,0.6531005409016635,2,2.0694290071569563
26,46797032f964a520f7471fe3,8.6,498,POPULAR,2279279.0,1.4722423373987916,-0.4301526341282914,0.4912280701754385,0.7025530359791782,27,2.2554135155639763
111,4dd814791f6ee14683338556,0.0,0,UNPOPULAR,831666.6666666666,1.2228839397936138,-0.4018472444443005,0.5576923076923077,0.5744689498531176,0,1.0
165,53585042498e1cf44cce5539,0.0,0,UNPOPULAR,449000.0,0.9103224756516768,-0.3255994709508483,0.5909090909090909,0.276434590943675,0,1.0
87,4b704707f964a520800f2de3,5.9,15,POPULAR,831666.6666666666,1.213761397248635,-0.4141328258419826,0.7857142857142857,0.5251050181966166,1,1.6487212707001282
271,3fd66200f964a520a0ea1ee3,0.0,0,NEUTRAL,970000.0,2.173387934455848,-0.36585322495075,0.6829268292682927,0.7352345887155896,0,1.0
55,55edd0ef498e4b104d071a87,6.0,48,POPULAR,1252880.8800557882,1.332869342069725,-0.4626100695310536,0.3571428571428571,0.3685794545915666,2,2.0137527074704766
1,4f3271ab19836c91c7d866de,0.0,0,POPULAR,437500.0,1.0609193816809557,-0.4346198608104803,0.6666666666666666,0.6989700043360187,0,1.0
66,5b19bf2fb399f7002ccdb59f,8.8,53,POPULAR,1252880.8800557882,1.1794234281402092,-0.3670232895617406,0.64,0.5487981467989831,1,2.2663754066284665
239,4e4cd26ebd413c4cc66c6faa,0.0,0,NEUTRAL,1252880.8800557882,0.9167653276118592,-0.3476156741118409,0.7692307692307693,0.0,0,1.0
5,5674592d498e85f07427e61b,7.8,18,POPULAR,437500.0,1.1017844855953536,-0.464206645785629,0.7857142857142857,0.4729032506370175,0,2.3564184423836605
39,530e8b8811d25a4766d807bd,7.5,265,POPULAR,2227931.0,1.587161809894348,-0.4692878851868862,0.7204301075268817,0.5589374586664895,0,2.6622367866292915
213,4cb65551e262b60cc1616ee0,0.0,0,NEUTRAL,437500.0,1.1090177380872877,-0.4228150711997671,0.7727272727272727,0.4126972515042213,0,1.0
110,5521d352498eb4cd79c96fb3,0.0,0,UNPOPULAR,449000.0,0.9074195194144136,-0.3494636224346755,0.5952380952380952,0.2896094522866695,1,1.0
180,4f3230f319836c91c7bf1bf9,0.0,0,UNPOPULAR,2279279.0,1.4211031325173769,-0.3825503997596939,0.8048780487804879,0.6865407670140726,0,1.0
273,4b90466cf964a520b28033e3,0.0,0,NEUTRAL,630000.0,1.4141333509391532,-0.3611090724369541,0.6111111111111112,0.759089469824548,0,1.0
105,5352e836498e6ad33a47ac61,5.4,28,UNPOPULAR,1252880.8800557882,1.3856409509860554,-0.4040017939459617,0.7678571428571429,0.3606893086445407,4,1.5596234976067809
59,4f5303dbe4b02cf6be81de21,6.9,998,POPULAR,1244406.0,1.534436972170982,-0.4678007932688855,0.7526881720430108,0.5515994604314967,28,2.08328287362826
217,4dbb504c1e72b351ca9672bf,0.0,0,NEUTRAL,831666.6666666666,1.186853663789321,-0.3845641275812717,0.75,0.0,0,1.0
136,5151a8e0e4b07f5277f927f4,0.0,0,UNPOPULAR,1733750.0,2.682753731945972,-0.4388048516164163,0.5319148936170213,0.4864012186547135,0,1.0
212,4cdea41eaba88cfa3d1e43d7,0.0,0,NEUTRAL,1200000.0,1.3454062973990424,-0.5667810020808933,0.5901639344262295,0.5976804261258303,0,1.0
33,5a8c6e6fb6b04b2d4e648ccb,8.5,37,POPULAR,977100.0,2.2217824830256023,-0.4079764366957233,0.75,0.2836242476018044,3,1.6487212707001282
116,4af0daacf964a520aedf21e3,0.0,0,UNPOPULAR,449000.0,0.8923597992274519,-0.3443879759702703,0.6444444444444445,0.5333595944857062,0,1.0
251,4afb8a6cf964a5208d1e22e3,0.0,0,NEUTRAL,831666.6666666666,1.231947967261475,-0.3817468669649455,0.6756756756756757,0.6673963571116248,0,1.0
31,41e46880f964a520d41e1fe3,9.0,2186,POPULAR,1627500.0,1.9056648991669407,-0.3419592318845087,0.6966292134831461,0.4864095635190805,57,2.4244424438920613
102,4f45382119836ed001995971,0.0,0,UNPOPULAR,831666.6666666666,1.2288647131607242,-0.4104743817620843,0.6363636363636364,0.4515449934959717,0,1.0
23,440754f8f964a5204d301fe3,8.7,1742,POPULAR,810000.0,11.552854042063428,-0.5461323183942752,0.3380281690140845,0.4429923928941626,39,2.4500388855993744
265,59d3ec96805e3f66a0d476e6,0.0,0,NEUTRAL,1252880.8800557882,0.9738602754919238,-0.5214373201621699,0.6,0.5481852424609953,0,1.0
172,59179ec22be42556989daddd,8.1,23,UNPOPULAR,1252880.8800557882,1.3673819301551204,-0.3744994498043427,0.6296296296296297,0.389972873353915,0,2.482065084623012
83,3fd66200f964a52099e61ee3,7.7,131,POPULAR,2279279.0,1.4963373305651315,-0.479351321560657,0.7323943661971831,0.422388252805027,13,2.0050162669407823
260,4b5f3ad4f964a520d4ae29e3,6.2,9,NEUTRAL,630000.0,1.384689992724339,-0.2969425091774091,0.6666666666666666,0.0,0,2.117000016612675
221,5da10bcba52bcf000700744c,7.2,15,NEUTRAL,2227931.0,1.5661822360653863,-0.4065685081704251,0.6823529411764706,0.4329601545487249,0,2.225540928492468
3,4eefc4cb490178f61b62367a,0.0,0,POPULAR,449000.0,0.8924600497312878,-0.3543731043531555,0.6521739130434783,0.5333595944857062,2,1.0
176,4c2930989fb5d13a42ca9a57,0.0,0,UNPOPULAR,831666.6666666666,1.1828473521349845,-0.4113778801920529,0.75,0.0,0,1.0
51,43db9775f964a520922e1fe3,8.9,1463,POPULAR,1627500.0,1.7907212110418431,-0.3772357183696143,0.8,0.4361369645402605,35,2.442873655969319
244,4a95bde2f964a5206a2420e3,0.0,0,NEUTRAL,970000.0,2.4812857545483404,-0.2967879923379024,0.725,0.5970805317541358,0,1.0
148,518ab26a498ec42e3c8680ad,0.0,0,UNPOPULAR,2279279.0,1.5287554826195182,-0.5197818104385717,0.7625,0.4301992730175465,0,1.0
97,4c090cb56071a593132cdd32,0.0,0,UNPOPULAR,2227931.0,1.642593185691222,-0.4395707281920903,0.5903614457831325,0.5330545582577173,0,1.0
75,5ae27abfd3cce8002c606c74,6.3,12,POPULAR,1252880.8800557882,0.907782681451927,-0.376740833694102,0.5102040816326531,0.5735901990025665,0,1.0
146,4b107d9ef964a5209c7123e3,0.0,0,UNPOPULAR,630000.0,1.3796811217104443,-0.2896866321274599,0.7142857142857143,0.0,1,1.0
127,5c096ec4bf7dde002cf4ec1a,0.0,0,UNPOPULAR,437500.0,1.1299399247313202,-0.3468401787891019,0.71875,0.5933152489026101,0,1.0
229,4b8f1f9bf964a520264a33e3,0.0,0,NEUTRAL,1252880.8800557882,1.1469256790287492,-0.3941844878587286,0.6296296296296297,0.5487981467989831,0,1.0
259,4fa18da1e4b0f72151a4993c,0.0,0,NEUTRAL,437500.0,1.1659528944311008,-0.3654486508155846,0.7586206896551724,0.4150551890657122,0,1.0
113,3fd66200f964a520bee61ee3,0.0,0,UNPOPULAR,2279279.0,1.5066180786921155,-0.5135614329928047,0.7058823529411765,0.4225088686359391,0,1.0
206,4b8ad1cdf964a5203f8332e3,0.0,0,NEUTRAL,2279279.0,1.494232508652117,-0.5292740124933817,0.7571428571428571,0.372657535524674,0,1.0
277,4f32123c19833175d60da677,0.0,0,NEUTRAL,831666.6666666666,1.2719454193572652,-0.4401430022968379,0.3770491803278688,0.425977288230121,0,1.0
67,5a20132b340a585aa780fdb0,7.5,22,POPULAR,831666.6666666666,1.3213674188982705,-0.3306036812208707,0.5882352941176471,0.5546089320875498,0,2.225540928492468
80,585164b77220e62219c9aeb6,9.3,300,POPULAR,1627500.0,2.1272864260541384,-0.449312979642446,0.8108108108108109,0.5446874766889814,2,2.5898835238813227
46,4ba98891f964a520022d3ae3,7.7,27,POPULAR,485000.0,1.044809403926502,-0.3759295944943617,0.7619047619047619,0.4392472911358186,1,2.330665493103396
209,4c294e1597d00f472b4e41ea,0.0,0,NEUTRAL,437500.0,1.0852148015374017,-0.393421134208256,0.5306122448979592,0.5222603359058726,0,1.0
34,5978a3f5f427de7d9ea68121,7.9,61,POPULAR,831666.6666666666,1.32095639682897,-0.3210403267538528,0.5882352941176471,0.5546089320875498,4,1.6487212707001282
4,518c165e498e3e2f401b3ebc,7.9,939,POPULAR,850000.0,-23.78689823456458,-0.5270122423512388,0.6862745098039216,0.411301695283301,19,2.343983545499083
133,4e4cd29dbd413c4cc66c7143,0.0,0,UNPOPULAR,1252880.8800557882,0.963332936485904,-0.4530807651040568,0.4054054054054054,0.4152885962727209,0,1.0
185,51ca315d498e7e35b9715fc4,0.0,0,UNPOPULAR,2279279.0,1.531221638550318,-0.4887944250352333,0.7763157894736842,0.445036883841043,0,1.0
142,5d4075b2bcd5dc00081a559f,0.0,0,UNPOPULAR,2279279.0,1.5124675944791572,-0.4880128840321001,0.5882352941176471,0.566188705021583,0,1.0
169,5829f9e826d44f3396aad460,6.0,15,UNPOPULAR,1244406.0,1.4566657268854415,-0.3291905520213559,0.6808510638297872,0.3705557519467467,0,1.6487212707001282
69,52d36856498e9256064e3fe3,7.6,217,POPULAR,1252880.8800557882,1.262259138486418,-0.5147370499179654,0.4615384615384615,0.4150551890657122,6,2.291641315928221
179,4e4e4de7bd4101d0d7a74473,0.0,0,UNPOPULAR,1733750.0,2.894725506904521,-0.4694140659314094,0.6785714285714286,0.5970578054598935,0,1.0
134,596f9de259fe5c08bf75d2c4,0.0,0,UNPOPULAR,2279279.0,1.403518266642194,-0.523621183453979,0.5964912280701754,0.5464805184967759,0,1.0
36,588660b9ce66aa74e09ea1c4,8.8,72,POPULAR,1244406.0,1.595694995696132,-0.4975589084823617,0.85,0.425280830156626,2,2.3564184423836605
104,4e4cd4ebbd413c4cc66c8464,0.0,0,UNPOPULAR,1252880.8800557882,1.3780824990377616,-0.4020664926319616,0.7096774193548387,0.4321347311797672,0,1.0
25,5cebd46fa2c00b002ccc17da,7.7,24,POPULAR,1252880.8800557882,1.4615678724285803,-0.4227932245194957,0.8421052631578947,0.5828723476921558,1,1.6487212707001282
233,4f171a61e4b03f4c05553835,0.0,0,NEUTRAL,1733750.0,2.4173870567066245,-0.4413251918199357,0.4736842105263157,0.4065693666330859,2,1.0
264,576c6145498e0976de7597a3,0.0,0,NEUTRAL,831666.6666666666,1.259633735462749,-0.2901325781286756,0.6129032258064516,0.6582518691770096,0,1.0
42,4b298f71f964a520eba024e3,7.6,27,POPULAR,1252880.8800557882,0.9475078237739766,-0.3019821494087147,1.0,0.0,2,2.0694290071569563
49,4fdf5edce4b08aca4a462878,8.2,332,POPULAR,437500.0,1.08658488537158,-0.4340419848843124,0.5370370370370371,0.5146187044066769,11,2.395720954784854
132,5e21f6d24207280008e92e5e,0.0,0,UNPOPULAR,2227931.0,1.5659218765141063,-0.4499172525277341,0.7654320987654321,0.5527940094228991,0,1.0
61,4f0c74ede4b0f615a3725efd,9.0,854,POPULAR,437500.0,1.0854785079516898,-0.4132650423668228,0.5576923076923077,0.5222603359058726,23,2.40649802443628
158,56d3cc7bcd10ac3ebd62c45d,0.0,0,UNPOPULAR,449000.0,0.9067387710784794,-0.3845332646251172,0.5609756097560976,0.2872298980159328,0,1.0
57,570d5859498e6da02e4e0e64,8.2,19,POPULAR,1252880.8800557882,1.1919082816899704,-0.2532521379318962,0.4166666666666667,0.5546089320875498,0,2.300975890892825
52,548f1a64498eb5ef05aaecee,7.7,53,POPULAR,437500.0,1.0901537712056653,-0.4430768504269008,0.6363636363636364,0.6611004851924769,0,2.553589458062927
122,4db99e916a2334682dac5e74,0.0,0,UNPOPULAR,437500.0,1.084091455748648,-0.3406200921131728,0.6304347826086957,0.5731514225181699,0,1.0
243,540df8c8498e1524a6acd4f8,7.5,27,NEUTRAL,2279279.0,1.487472502437904,-0.4999936652682103,0.7352941176470589,0.43949221700637,2,2.0137527074704766
29,3fd66200f964a520b1ea1ee3,7.7,910,POPULAR,2279279.0,1.434199385669974,-0.3118173121696992,0.7796610169491526,0.6089230364118493,64,2.1656645648816646
135,525ab25d11d236eef03b8496,0.0,0,UNPOPULAR,1200000.0,1.3879282261363497,-0.5110881766199844,0.6944444444444444,0.5708253071758874,1,1.0
161,4b401178f964a52033b525e3,0.0,0,UNPOPULAR,970000.0,2.1372992255675096,-0.3609990415642654,0.6938775510204082,0.7181297405221908,0,1.0
211,55e86a8c498e6c9bd6e42f09,0.0,0,NEUTRAL,1252880.8800557882,1.1089121460413391,-0.4419351856794568,0.7222222222222222,0.4126972515042213,0,1.0
149,52cdfb4011d2f6cf0535f2d2,7.6,11,UNPOPULAR,449000.0,0.8877819611755458,-0.4427386610733569,0.6785714285714286,0.5520437585183922,0,2.398875293967098
117,5037830ee4b09fce66294e47,0.0,0,UNPOPULAR,2279279.0,1.4714905437773171,-0.4863384180145003,0.5555555555555556,0.5480984346066862,0,1.0
203,4c54748c4623be9a0e33d2f2,0.0,0,NEUTRAL,630000.0,1.4193406324191649,-0.3463988610985923,0.5263157894736842,0.5659258403637588,0,1.0
189,4e4e4c88bd4101d0d7a72642,0.0,0,NEUTRAL,970000.0,2.111532487912065,-0.43887000106027,0.6792452830188679,0.5276198728314541,0,1.0
226,58facf0a35f9834464fda9a0,0.0,0,NEUTRAL,2279279.0,1.538955005337557,-0.4046123494632326,0.7647058823529411,0.5149366829597969,0,1.0
170,52db2ae6498ed787363018e7,0.0,0,UNPOPULAR,449000.0,0.8997870369919417,-0.3125672531604944,0.6451612903225806,0.4320898435410604,0,1.0
196,50836ff4e4b0607ce9736ca8,0.0,0,NEUTRAL,1252880.8800557882,0.9138183240092844,-0.3656328747963079,0.64,0.276434590943675,0,1.0
230,5838d0426d63256686ec412c,0.0,0,NEUTRAL,437500.0,1.1220132559234663,-0.4182943337624745,0.8181818181818182,0.4581460078048339,0,1.0
207,4f9c611de4b0e868c2ba5e13,0.0,0,NEUTRAL,437500.0,1.1698170574365494,-0.3645160968727294,0.7777777777777778,0.4392472911358187,0,1.0
121,4e4cd4f2bd413c4cc66c8490,0.0,0,UNPOPULAR,831666.6666666666,1.2260923759777644,-0.4183148182131453,0.7209302325581395,0.6673963571116248,1,1.0
249,4eb9db8346906fa3575918ff,0.0,0,NEUTRAL,970000.0,2.340303121843624,-0.4309421337045822,0.5128205128205128,0.440057146783739,0,1.0
19,4fe9524ce4b0d971aa120f82,7.6,28,POPULAR,485000.0,1.0489107082058111,-0.4316342244358127,0.7142857142857143,0.4150551890657122,0,2.398875293967098
164,4e63f350ae60e9edf6681617,0.0,0,UNPOPULAR,437500.0,1.1597149714584674,-0.392770741303257,0.5454545454545454,0.5085848395151576,1,1.0
17,5b5bbb14f1936e002c11fb33,7.3,20,POPULAR,1252880.8800557882,1.348256076937434,-0.4027655741566328,0.7142857142857143,0.4515449934959717,0,1.6487212707001282
184,5943034a1fa7633e4970ddfd,0.0,0,UNPOPULAR,831666.6666666666,1.261632587835165,-0.3052432444239111,0.5862068965517241,0.6582518691770096,0,1.0
2,450972f5f964a5203d391fe3,9.0,851,POPULAR,1252880.8800557882,9.500363007260429,-0.4316343210397503,0.7049180327868853,0.4464955756428567,29,2.4209738683850337
171,4cb9097c035d236aba86d14e,0.0,0,UNPOPULAR,449000.0,0.8984252450989525,-0.3283924748907433,0.6129032258064516,0.4465345764902789,0,1.0
137,57bb3d43498ece204866e136,7.9,48,UNPOPULAR,2227931.0,1.6291133874509427,-0.5037692394775339,0.532608695652174,0.4012632940257216,0,2.3564184423836605
128,4f3235dc19836c91c7c107fa,0.0,0,UNPOPULAR,831666.6666666666,1.21176451298662,-0.447009727324851,0.7674418604651163,0.5581460078048339,0,1.0
22,5f3c5710fdeb9a405af5c799,8.7,15,POPULAR,1752500.0,2.479075549584139,-0.4233924633791939,0.7111111111111111,0.4193064733021404,0,1.6487212707001282
157,43a95e46f964a5207a2c1fe3,5.1,25,UNPOPULAR,2227931.0,1.5734764050534502,-0.4672049265440772,0.7311827956989247,0.5579302694349944,3,2.1483624104266754
162,4bf58ce50c74c9b6364d1828,0.0,0,UNPOPULAR,2227931.0,1.6629459254804069,-0.37896921020102,0.5555555555555556,0.5537786675796803,0,1.0
151,4ba02a71f964a520df5e37e3,0.0,0,UNPOPULAR,437500.0,1.1239000143855815,-0.3311906551784903,0.7727272727272727,0.5774645866076562,1,1.0
168,4bd4c61b5631c9b6ae1fa330,0.0,0,UNPOPULAR,1252880.8800557882,0.9047305936644832,-0.3748555745866935,0.5283018867924528,0.504281319762464,0,1.0
78,4606997ef964a520cd441fe3,8.4,2224,POPULAR,870000.0,32.41685278547004,-0.518559630207619,0.4629629629629629,0.59849244378576,77,2.3564184423836605
123,4f32710719836c91c7d82779,0.0,0,UNPOPULAR,437500.0,1.107470124198028,-0.4579127201970517,0.7567567567567568,0.5301029995663981,0,1.0
124,4e4cd4f8bd413c4cc66c84c0,0.0,0,UNPOPULAR,437500.0,1.159230710390815,-0.436552695796249,0.5833333333333334,0.5085848395151576,0,1.0
267,4e449f08ae605a14b7e9ae94,0.0,0,NEUTRAL,831666.6666666666,1.2231518726177248,-0.4429584887870304,0.3333333333333333,0.4642609285672695,0,1.0
70,4b9988caf964a520528135e3,0.0,0,POPULAR,970000.0,2.155690831397002,-0.3396657838851752,0.85,0.276434590943675,0,1.0
216,4161e400f964a520621d1fe3,0.0,0,NEUTRAL,2227931.0,1.590607345838828,-0.4706253190067866,0.717391304347826,0.5589374586664895,0,1.0
27,4abf9767f964a520399120e3,6.3,44,POPULAR,1252880.8800557882,2.7791535595992984,-0.4906499172516625,0.4909090909090909,0.2830115675406665,4,2.117000016612675
40,5830ff3044587f7beb2271cc,8.1,16,POPULAR,449000.0,0.8825907757041066,-0.3785212491539474,0.7857142857142857,0.276434590943675,0,1.947734041054676
11,3fd66200f964a5206ce91ee3,8.0,378,POPULAR,1200000.0,1.419359662611794,-0.3713376632389739,0.8048780487804879,0.6865407670140726,15,2.231042881017569
24,3fd66200f964a52007ea1ee3,8.1,297,POPULAR,1627500.0,2.233213930153405,-0.3956896026171442,0.7090909090909091,0.4347277083973573,12,2.352681062608845
155,4ba40350f964a520bb7738e3,7.0,29,UNPOPULAR,2279279.0,1.485265496367318,-0.5062366585480056,0.7538461538461538,0.3625707626780537,1,2.117000016612675
163,4b7f2938f964a520561b30e3,0.0,0,UNPOPULAR,970000.0,2.324302439606585,-0.3588454525170289,0.7435897435897436,0.7308773567033957,0,1.0
253,4e4d506aaeb77d4a40e6f5e5,0.0,0,NEUTRAL,2279279.0,1.469678886706152,-0.4824318271722437,0.5671641791044776,0.5940250674697743,1,1.0
262,56141a0d498eff283731a5c3,0.0,0,NEUTRAL,437500.0,1.0609193816809557,-0.4346198608104803,0.6666666666666666,0.6989700043360187,0,1.0
18,57bf76a2498e98061d338fe3,8.5,293,POPULAR,2227931.0,1.5663448703090137,-0.4766243544910235,0.7674418604651163,0.5951709247206957,9,2.216475601221393
93,5e372f9ec03034000802e836,0.0,0,UNPOPULAR,1244406.0,1.434563378256571,-0.4368285893036651,0.6964285714285714,0.4737576395732861,0,1.0
232,4c4d6728f53d0f47f7dde5a4,0.0,0,NEUTRAL,1733750.0,2.599487295600503,-0.4012288714461891,0.6976744186046512,0.5782953886507302,0,1.0
256,57a916b8498eb125c33ab8a9,7.0,13,NEUTRAL,831666.6666666666,1.2619657399232962,-0.316159226764467,0.6129032258064516,0.6582518691770096,0,1.6487212707001282
218,4a92ea94f964a520241e20e3,0.0,0,NEUTRAL,437500.0,1.1094660737321114,-0.3808312072599894,0.7619047619047619,0.4126972515042213,0,1.0
9,56903421498e17b933579df9,7.9,238,POPULAR,1244406.0,1.5190445039198652,-0.5021059053651965,0.65,0.4654464659626909,2,2.5391215679340893
41,4bedb6b1767dc9b6045cd3e9,7.9,8,POPULAR,1252880.8800557882,0.9740137588604724,-0.4403721075248373,0.5277777777777778,0.3377898753546489,0,2.225540928492468
125,4b481566f964a520d94726e3,0.0,0,UNPOPULAR,1252880.8800557882,1.3854223115188176,-0.3888401663913147,0.75,0.4291499268786196,1,1.0
94,5b9fd547e1f228002c0cab2a,0.0,0,UNPOPULAR,1733750.0,2.864836120565786,-0.44194644345957,0.6724137931034483,0.5894346556902286,0,1.0
245,4b5df4def964a520e97529e3,0.0,0,NEUTRAL,2279279.0,1.4481507270976066,-0.5060176813961043,0.5102040816326531,0.6995925612982699,0,1.0
126,43695300f964a5208f291fe3,0.0,0,UNPOPULAR,2227931.0,1.6330736180374188,-0.4790998937070676,0.6136363636363636,0.5390797762735339,0,1.0
81,589609d3cf44516319d44320,7.7,9,POPULAR,630000.0,1.3434107844058183,-0.2489556008984285,0.6451612903225806,0.5594808673705904,0,1.6487212707001282
208,4d8b5d55f607a093f02e1287,0.0,0,NEUTRAL,630000.0,1.5106255794266203,-0.2687029951171882,0.4705882352941176,0.5276198728314541,0,1.0
240,4d99869adaec224b5128613e,0.0,0,NEUTRAL,449000.0,0.8969632553314174,-0.3869878273811195,0.7142857142857143,0.3899728733539151,1,1.0
250,4b4bc055f964a5206ca626e3,0.0,0,NEUTRAL,1244406.0,1.4206141607047695,-0.42185660273663,0.8269230769230769,0.4321347311797672,0,1.0
278,4a2bec19f964a520f1961fe3,5.1,66,NEUTRAL,2279279.0,1.4308425490458234,-0.3567939511255007,0.813953488372093,0.6865407670140726,13,1.5865128974999685
263,4dfa391952b1a82364e5ed61,0.0,0,NEUTRAL,1733750.0,2.936850157211996,-0.4586529017174311,0.825,0.5546089320875498,0,1.0
242,4f320fa819833175d60ca3bf,0.0,0,NEUTRAL,630000.0,1.3552854788529742,-0.3394216190335291,0.4444444444444444,0.5301029995663982,0,1.0
131,580142e238fa217aefab193e,7.6,21,UNPOPULAR,449000.0,0.8932260907576958,-0.4928976811860253,0.7037037037037037,0.445036883841043,1,2.117000016612675
88,4b96bd72f964a5207ce134e3,6.3,97,POPULAR,2279279.0,1.507235322505844,-0.5226818281443453,0.7285714285714285,0.4301992730175465,9,2.089327210420374
58,5a382327dee7707dd4842ab8,8.4,235,POPULAR,2279279.0,1.5215940703676971,-0.5064482611270716,0.36,0.4717555521926302,2,2.45960311115695
197,4c8bcc26f87e224bf1bc2e05,0.0,0,NEUTRAL,630000.0,1.3125810878139117,-0.3335007868838185,0.5128205128205128,0.475018469709154,0,1.0
235,4f360273e4b0fc67a7b47560,0.0,0,NEUTRAL,449000.0,0.8987143788733403,-0.3119514635533534,0.59375,0.4396496972829969,0,1.0
190,4db7699c4df0ded98ba84515,0.0,0,NEUTRAL,831666.6666666666,1.204562123296211,-0.4678971072082827,0.7631578947368421,0.6336468183247124,0,1.0
